{
  "HistGradientBoosting": {
    "accuracy": 0.93375,
    "f1": 0.8936454849498328,
    "roc_auc": 0.9727397668985831
  },
  "Stacking": {
    "accuracy": 0.9358333333333333,
    "f1": 0.8980132450331125,
    "roc_auc": 0.9707797978772029
  },
  "RandomForest": {
    "accuracy": 0.9258333333333333,
    "f1": 0.8792401628222524,
    "roc_auc": 0.9665757833528008
  },
  "DecisionTree": {
    "accuracy": 0.8691666666666666,
    "f1": 0.7942332896461337,
    "roc_auc": 0.9097569162307654
  },
  "LogReg(scaled)": {
    "accuracy": 0.8275,
    "f1": 0.7076271186440678,
    "roc_auc": 0.8746905312071505
  },
  "Dummy(most_frequent)": {
    "accuracy": 0.6766666666666666,
    "f1": 0.0,
    "roc_auc": 0.5
  }
}